10000,Giselle,Townsend,2022-10-01,ITM
10001,Jerry,Wallace,2022-10-01,SWD
10002,Flynn,Bishop,2022-10-01,SWD
10003,Gay,Montoya,2022-10-01,ITM
10004,Camille,Aguirre,2022-10-01,SWD
10005,Byron,Davenport,2022-10-01,SWD
10006,Roth,Nielsen,2022-10-01,ITM
10007,Gillian,Vang,2022-10-01,ITM
10008,Brody,Barton,2022-10-01,ITM
10009,Cherokee,Mooney,2022-10-01,SWD
10010,Idola,Wilder,2022-10-01,ITM
10011,August,Knowles,2022-10-01,ITM
10012,Wynne,Figueroa,2022-10-01,SWD
10013,Jelani,Hicks,2022-10-01,ITM
10014,Martin,Morin,2022-10-01,ITM
10015,Valentine,Saunders,2022-10-01,SWD
10016,Cade,Vargas,2022-10-01,SWD
10017,Lael,Armstrong,2022-10-01,ITM
10018,Oren,Lindsay,2022-10-01,ITM
10019,Walker,Benson,2022-10-01,ITM
10020,Wallace,Dawson,2022-10-01,SWD
10021,Gabriel,Perry,2022-10-01,ITM
10022,Phyllis,Collins,2022-10-01,SWD
10023,Mollie,Sharpe,2022-10-01,SWD
10024,Melvin,Morrow,2022-10-01,ITM
10025,Drew,Bishop,2022-10-01,SWD
10026,Ulysses,Kinney,2022-10-01,SWD
10027,Sean,Irwin,2022-10-01,SWD
10028,Connor,Pugh,2022-10-01,ITM
10029,Brooke,Buchanan,2022-10-01,SWD
10030,Chadwick,Watson,2022-10-01,ITM
10031,Kirk,Barton,2022-10-01,SWD
10032,Vivian,Wilder,2022-10-01,ITM
10033,Winifred,Carlson,2022-10-01,SWD
10034,Macey,Barr,2022-10-01,SWD
10035,Ebony,Davenport,2022-10-01,ITM
10036,Xandra,Reynolds,2022-10-01,ITM
10037,Francis,Wiggins,2022-10-01,ITM
10038,Kelly,Baldwin,2022-10-01,ITM
10039,Yoshi,Dickerson,2022-10-01,SWD
10040,Dorian,Ochoa,2022-10-01,SWD
10041,Abbot,Estrada,2022-10-01,ITM
10042,Cally,Serrano,2022-10-01,ITM
10043,Cameron,Maynard,2022-10-01,ITM
10044,Teagan,Parks,2022-10-01,SWD
10045,Tarik,Stuart,2022-10-01,SWD
10046,McKenzie,Phillips,2022-10-01,ITM
10047,Elmo,Goodman,2022-10-01,SWD
10048,Jacqueline,Wong,2022-10-01,SWD
10049,Dalton,Sweeney,2022-10-01,ITM
10050,Libby,Estrada,2022-10-01,SWD
10051,Travis,Mckinney,2022-10-01,ITM
10052,Reece,Fernandez,2022-10-01,ITM
10053,Alexander,Cox,2022-10-01,SWD
10054,Quemby,Kent,2022-10-01,ITM
10055,Quintessa,Serrano,2022-10-01,SWD
10056,Hamish,Fitzpatrick,2022-10-01,ITM
10057,Tanisha,Page,2022-10-01,SWD
10058,Reese,Cook,2022-10-01,SWD
10059,Xaviera,Blanchard,2022-10-01,SWD
10060,Deirdre,Meyers,2022-10-01,ITM
10061,Raven,Harrison,2022-10-01,ITM
10062,Garth,Cox,2022-10-01,ITM
10063,Hilda,Kelley,2022-10-01,SWD
10064,Iola,Gentry,2022-10-01,SWD
10065,Geoffrey,Hurley,2022-10-01,ITM
10066,Cadman,Atkins,2022-10-01,SWD
10067,Belle,Jennings,2022-10-01,ITM
10068,Martena,Edwards,2022-10-01,ITM
10069,Cleo,Warner,2022-10-01,SWD
10070,Quinn,Gregory,2022-10-01,ITM
10071,Iola,Mccray,2022-10-01,ITM
10072,Hayfa,Le,2022-10-01,ITM
10073,Paloma,Garza,2022-10-01,ITM
10074,Ann,Rojas,2022-10-01,ITM
10075,Cameron,Donaldson,2022-10-01,ITM
10076,John,Cantu,2022-10-01,SWD
10077,Stone,Mullen,2022-10-01,SWD
10078,Ifeoma,Campos,2022-10-01,ITM
10079,Illiana,Herman,2022-10-01,ITM
10080,Alice,Reyes,2022-10-01,ITM
10081,Ella,Herman,2022-10-01,ITM
10082,Steel,Roman,2022-10-01,ITM
10083,Anjolie,Kemp,2022-10-01,ITM
10084,Caesar,Russell,2022-10-01,SWD
10085,Amber,Vincent,2022-10-01,ITM
10086,Lenore,Everett,2022-10-01,SWD
10087,Matthew,Collins,2022-10-01,ITM
10088,Sylvia,Bernard,2022-10-01,ITM
10089,Murphy,Bird,2022-10-01,SWD
10090,Katell,Morton,2022-10-01,SWD
10091,Yoshi,Avery,2022-10-01,ITM
10092,Clayton,Clemons,2022-10-01,SWD
10093,Renee,Cleveland,2022-10-01,SWD
10094,Herman,Parrish,2022-10-01,ITM
10095,Rudyard,Burnett,2022-10-01,ITM
10096,Rana,Brady,2022-10-01,ITM
10097,Hedley,Ballard,2022-10-01,SWD
10098,Eugenia,Brock,2022-10-01,ITM
10099,Honorato,Rivas,2022-10-01,ITM
10100,Ifeoma,Matthews,2022-10-01,SWD
10101,Lacy,Rios,2022-10-01,SWD
10102,Shellie,Crane,2022-10-01,ITM
10103,Simon,Dean,2022-10-01,ITM
10104,Elijah,Sutton,2022-10-01,ITM
10105,Buffy,Frost,2022-10-01,ITM
10106,Bertha,Brewer,2022-10-01,SWD
10107,Avye,Snider,2022-10-01,ITM
10108,Bree,Russo,2022-10-01,ITM
10109,Melinda,Wyatt,2022-10-01,SWD
10110,Cody,Evans,2022-10-01,SWD
10111,Naida,Stokes,2022-10-01,SWD
10112,Valentine,Ramsey,2022-10-01,SWD
10113,Evan,Sutton,2022-10-01,ITM
10114,Harper,Wood,2022-10-01,ITM
10115,Ishmael,Yang,2022-10-01,SWD
10116,Gillian,Hancock,2022-10-01,ITM
10117,Sade,York,2022-10-01,ITM
10118,Alfreda,Spears,2022-10-01,SWD
10119,Michael,Marquez,2022-10-01,SWD
